Dimension,Valor,año,Excel Origen
Estrategia y direccion,3.739583333,2025,Directiva 2025
Humana,3.823770914,2025,Directiva 2025
Indicadores,2.923913043,2025,Directiva 2025
Procesos,3.093001842,2025,Directiva 2025
Tecnologia,3.590361446,2025,Directiva 2025
Estrategia y direccion,3.79787234,2025,Miembro 2025
Humana,3.839117495,2025,Miembro 2025
Indicadores,2.966666667,2025,Miembro 2025
Procesos,3.10462963,2025,Miembro 2025
Tecnologia,3.590361446,2025,Miembro 2025
